{
  "AVAX": {
    "0": {
      "e": 6.159999847412109,
      "a": false,
      "p": 6.159999847412109
    },
    "1": {
      "e": 6.038,
      "a": true,
      "p": 6.139
    }
  },
  "ALGO": {
    "0": {
      "e": 0.0868000015616417,
      "a": false,
      "p": 0.0868000015616417
    },
    "1": {
      "e": 0.0868000015616417,
      "a": false,
      "p": 0.0868000015616417
    },
    "2": {
      "e": 0.0853,
      "a": false,
      "p": 0.0853
    }
  },
  "TIA": {
    "0": {
      "e": 0.3549,
      "a": false,
      "p": 0.3549
    },
    "1": {
      "e": 0.3549,
      "a": false,
      "p": 0.3549
    }
  },
  "UNI": {
    "0": {
      "e": 2.859,
      "a": false,
      "p": 2.859
    }
  },
  "SUI": {
    "0": {
      "e": 0.6635,
      "a": true,
      "p": 0.6822
    },
    "1": {
      "e": 0.6635,
      "a": true,
      "p": 0.6822
    }
  },
  "BCH": {
    "0": {
      "e": 186.9,
      "a": true,
      "p": 189.9
    }
  },
  "TRX": {
    "0": {
      "e": 0.3229,
      "a": false,
      "p": 0.3229
    }
  },
  "ETC": {
    "0": {
      "e": 6.92,
      "a": false,
      "p": 6.92
    }
  }
}