{
  "ALGO": {
    "0": {
      "e": 0.0868000015616417,
      "a": false,
      "p": 0.0868000015616417
    },
    "1": {
      "e": 0.0868000015616417,
      "a": false,
      "p": 0.0868000015616417
    },
    "2": {
      "e": 0.0853,
      "a": false,
      "p": 0.0853
    }
  },
  "TIA": {
    "0": {
      "e": 0.3595,
      "a": false,
      "p": 0.3595
    },
    "1": {
      "e": 0.3579,
      "a": false,
      "p": 0.3579
    }
  },
  "UNI": {
    "0": {
      "e": 2.859,
      "a": false,
      "p": 2.859
    }
  },
  "SUI": {
    "0": {
      "e": 0.677,
      "a": false,
      "p": 0.677
    }
  },
  "FIL": {
    "0": {
      "e": 0.736,
      "a": false,
      "p": 0.736
    }
  }
}