{
  "LTC": {
    "0": {
      "e": 43.82,
      "a": false,
      "p": 43.82
    }
  },
  "FIL": {
    "0": {
      "e": 0.771,
      "a": false,
      "p": 0.771
    }
  },
  "SOL": {
    "0": {
      "e": 79.32,
      "a": false,
      "p": 79.32
    }
  },
  "NEAR": {
    "0": {
      "e": 1.946,
      "a": false,
      "p": 1.946
    },
    "1": {
      "e": 1.92,
      "a": false,
      "p": 1.92
    }
  },
  "LINK": {
    "0": {
      "e": 7.729,
      "a": false,
      "p": 7.729
    }
  },
  "BNB": {
    "0": {
      "e": 568.45,
      "a": false,
      "p": 568.45
    }
  },
  "IMX": {
    "0": {
      "e": 0.1354,
      "a": false,
      "p": 0.1354
    }
  },
  "DOT": {
    "0": {
      "e": 0.836,
      "a": false,
      "p": 0.836
    },
    "1": {
      "e": 0.831,
      "a": false,
      "p": 0.831
    }
  },
  "SUI": {
    "0": {
      "e": 0.7186,
      "a": false,
      "p": 0.7186
    },
    "1": {
      "e": 0.7096,
      "a": false,
      "p": 0.7096
    }
  },
  "SEI": {
    "0": {
      "e": 0.04685,
      "a": false,
      "p": 0.04685
    },
    "1": {
      "e": 0.04685,
      "a": false,
      "p": 0.04685
    }
  },
  "ETH": {
    "0": {
      "e": 1737.030029296875,
      "a": false,
      "p": 1737.030029296875
    }
  },
  "ETC": {
    "0": {
      "e": 6.89,
      "a": false,
      "p": 6.89
    }
  },
  "ARB": {
    "0": {
      "e": 0.0767,
      "a": false,
      "p": 0.0767
    }
  }
}