{
  "FIL": {
    "0": {
      "e": 0.736,
      "a": true,
      "p": 0.754
    },
    "1": {
      "e": 0.722,
      "a": true,
      "p": 0.754
    }
  },
  "SEI": {
    "0": {
      "e": 0.05331,
      "a": false,
      "p": 0.05331
    },
    "1": {
      "e": 0.05218,
      "a": false,
      "p": 0.05218
    }
  },
  "IMX": {
    "0": {
      "e": 0.1263,
      "a": false,
      "p": 0.1263
    },
    "1": {
      "e": 0.1256,
      "a": false,
      "p": 0.1256
    }
  },
  "BTC": {
    "0": {
      "e": 59636.0,
      "a": false,
      "p": 59636.0
    }
  },
  "ETH": {
    "0": {
      "e": 1566.54,
      "a": false,
      "p": 1566.54
    }
  },
  "XRP": {
    "0": {
      "e": 1.0422,
      "a": false,
      "p": 1.0422
    }
  },
  "DOT": {
    "0": {
      "e": 0.853,
      "a": false,
      "p": 0.853
    }
  }
}