{
  "FIL": {
    "0": {
      "e": 0.771,
      "a": false,
      "p": 0.771
    }
  },
  "NEAR": {
    "0": {
      "e": 1.946,
      "a": false,
      "p": 1.946
    },
    "1": {
      "e": 1.92,
      "a": false,
      "p": 1.92
    }
  },
  "ETH": {
    "0": {
      "e": 1737.030029296875,
      "a": false,
      "p": 1737.030029296875
    }
  },
  "ATOM": {
    "0": {
      "e": 1.547,
      "a": true,
      "p": 1.575
    }
  },
  "BCH": {
    "0": {
      "e": 235.2,
      "a": false,
      "p": 235.2
    }
  },
  "BTC": {
    "0": {
      "e": 61872.0,
      "a": false,
      "p": 61872.0
    }
  },
  "APT": {
    "0": {
      "e": 0.616,
      "a": false,
      "p": 0.616
    }
  },
  "XRP": {
    "0": {
      "e": 1.0882,
      "a": false,
      "p": 1.0882
    }
  },
  "SOL": {
    "0": {
      "e": 77.8,
      "a": false,
      "p": 77.8
    }
  },
  "SEI": {
    "0": {
      "e": 0.04742,
      "a": false,
      "p": 0.04742
    }
  }
}