{
  "ALGO": {
    "0": {
      "e": 0.0868000015616417,
      "a": false,
      "p": 0.0868000015616417
    },
    "1": {
      "e": 0.0868000015616417,
      "a": false,
      "p": 0.0868000015616417
    },
    "2": {
      "e": 0.0853,
      "a": false,
      "p": 0.0853
    }
  },
  "TIA": {
    "0": {
      "e": 0.3595,
      "a": false,
      "p": 0.3595
    },
    "1": {
      "e": 0.3579,
      "a": false,
      "p": 0.3579
    },
    "2": {
      "e": 0.3469,
      "a": true,
      "p": 0.3529
    }
  },
  "UNI": {
    "0": {
      "e": 2.859,
      "a": false,
      "p": 2.859
    }
  },
  "SUI": {
    "0": {
      "e": 0.677,
      "a": false,
      "p": 0.677
    },
    "1": {
      "e": 0.6631,
      "a": true,
      "p": 0.675
    }
  },
  "FIL": {
    "0": {
      "e": 0.736,
      "a": false,
      "p": 0.736
    },
    "1": {
      "e": 0.727,
      "a": false,
      "p": 0.727
    },
    "2": {
      "e": 0.708,
      "a": true,
      "p": 0.728
    }
  },
  "AVAX": {
    "0": {
      "e": 6.15,
      "a": false,
      "p": 6.15
    },
    "1": {
      "e": 6.018,
      "a": true,
      "p": 6.111
    }
  },
  "BCH": {
    "0": {
      "e": 186.8,
      "a": true,
      "p": 190.4
    }
  },
  "ETC": {
    "0": {
      "e": 6.85,
      "a": true,
      "p": 6.97
    }
  }
}