{
  "FIL": {
    "0": {
      "e": 0.771,
      "a": false,
      "p": 0.771
    }
  },
  "NEAR": {
    "0": {
      "e": 1.946,
      "a": false,
      "p": 1.946
    },
    "1": {
      "e": 1.92,
      "a": false,
      "p": 1.92
    },
    "2": {
      "e": 1.871,
      "a": false,
      "p": 1.871
    }
  },
  "SEI": {
    "0": {
      "e": 0.04685,
      "a": false,
      "p": 0.04685
    },
    "1": {
      "e": 0.04685,
      "a": false,
      "p": 0.04685
    }
  },
  "ETH": {
    "0": {
      "e": 1737.030029296875,
      "a": false,
      "p": 1737.030029296875
    }
  },
  "ARB": {
    "0": {
      "e": 0.0767,
      "a": false,
      "p": 0.0767
    }
  },
  "ATOM": {
    "0": {
      "e": 1.547,
      "a": false,
      "p": 1.547
    }
  },
  "INJ": {
    "0": {
      "e": 4.662,
      "a": false,
      "p": 4.662
    }
  },
  "BCH": {
    "0": {
      "e": 235.2,
      "a": false,
      "p": 235.2
    }
  },
  "BTC": {
    "0": {
      "e": 61872.0,
      "a": false,
      "p": 61872.0
    }
  },
  "APT": {
    "0": {
      "e": 0.616,
      "a": false,
      "p": 0.616
    }
  },
  "XRP": {
    "0": {
      "e": 1.0882,
      "a": false,
      "p": 1.0882
    }
  },
  "LINK": {
    "0": {
      "e": 7.624,
      "a": false,
      "p": 7.624
    }
  }
}