{
  "FIL": {
    "0": {
      "e": 0.736,
      "a": false,
      "p": 0.736
    },
    "1": {
      "e": 0.722,
      "a": true,
      "p": 0.736
    }
  },
  "SEI": {
    "0": {
      "e": 0.05331,
      "a": false,
      "p": 0.05331
    },
    "1": {
      "e": 0.05222,
      "a": true,
      "p": 0.05325
    }
  },
  "TIA": {
    "0": {
      "e": 0.3599,
      "a": true,
      "p": 0.3706
    }
  },
  "APT": {
    "0": {
      "e": 0.591,
      "a": true,
      "p": 0.601
    },
    "1": {
      "e": 0.591,
      "a": true,
      "p": 0.601
    }
  },
  "IMX": {
    "0": {
      "e": 0.1224,
      "a": true,
      "p": 0.1262
    },
    "1": {
      "e": 0.1224,
      "a": true,
      "p": 0.1262
    },
    "2": {
      "e": 0.1224,
      "a": true,
      "p": 0.1262
    }
  },
  "LINK": {
    "0": {
      "e": 7.17,
      "a": true,
      "p": 7.332
    }
  },
  "ALGO": {
    "0": {
      "e": 0.0823,
      "a": true,
      "p": 0.0842
    },
    "1": {
      "e": 0.0823,
      "a": true,
      "p": 0.0842
    },
    "2": {
      "e": 0.0823,
      "a": true,
      "p": 0.0842
    }
  },
  "BTC": {
    "0": {
      "e": 59636.0,
      "a": false,
      "p": 59636.0
    }
  },
  "ETH": {
    "0": {
      "e": 1566.54,
      "a": false,
      "p": 1566.54
    }
  },
  "XRP": {
    "0": {
      "e": 1.0422,
      "a": false,
      "p": 1.0422
    }
  },
  "DOGE": {
    "0": {
      "e": 0.0746,
      "a": false,
      "p": 0.0746
    }
  },
  "DOT": {
    "0": {
      "e": 0.853,
      "a": false,
      "p": 0.853
    }
  },
  "ARB": {
    "0": {
      "e": 0.0733,
      "a": false,
      "p": 0.0733
    }
  }
}