{
  "ETH": {
    "0": {
      "e": 1737.030029296875,
      "a": false,
      "p": 1737.030029296875
    }
  },
  "SOL": {
    "0": {
      "e": 77.9,
      "a": false,
      "p": 77.9
    }
  }
}