{
  "AVAX": {
    "0": {
      "e": 6.159999847412109,
      "a": true,
      "p": 6.266
    }
  },
  "ALGO": {
    "0": {
      "e": 0.0868000015616417,
      "a": false,
      "p": 0.0868000015616417
    },
    "1": {
      "e": 0.0868000015616417,
      "a": false,
      "p": 0.0868000015616417
    },
    "2": {
      "e": 0.0853,
      "a": false,
      "p": 0.0853
    }
  },
  "TIA": {
    "0": {
      "e": 0.3595,
      "a": false,
      "p": 0.3595
    },
    "1": {
      "e": 0.3579,
      "a": false,
      "p": 0.3579
    }
  },
  "UNI": {
    "0": {
      "e": 2.859,
      "a": false,
      "p": 2.859
    }
  },
  "TRX": {
    "0": {
      "e": 0.3229,
      "a": false,
      "p": 0.3229
    }
  },
  "SUI": {
    "0": {
      "e": 0.677,
      "a": false,
      "p": 0.677
    }
  },
  "FIL": {
    "0": {
      "e": 0.729,
      "a": true,
      "p": 0.74
    },
    "1": {
      "e": 0.729,
      "a": true,
      "p": 0.74
    }
  }
}