{
  "FIL": {
    "0": {
      "e": 0.771,
      "a": true,
      "p": 0.783
    }
  },
  "NEAR": {
    "0": {
      "e": 1.946,
      "a": false,
      "p": 1.946
    },
    "1": {
      "e": 1.92,
      "a": false,
      "p": 1.92
    }
  },
  "ETH": {
    "0": {
      "e": 1737.030029296875,
      "a": false,
      "p": 1737.030029296875
    }
  },
  "DOT": {
    "0": {
      "e": 0.832,
      "a": false,
      "p": 0.832
    }
  },
  "SOL": {
    "0": {
      "e": 77.9,
      "a": false,
      "p": 77.9
    }
  }
}