{
  "ETH": {
    "0": {
      "e": 1737.030029296875,
      "a": false,
      "p": 1737.030029296875
    }
  }
}