{
  "AVAX": {
    "0": {
      "e": 6.159999847412109,
      "a": false,
      "p": 6.159999847412109
    }
  },
  "ALGO": {
    "0": {
      "e": 0.0868000015616417,
      "a": false,
      "p": 0.0868000015616417
    },
    "1": {
      "e": 0.0868000015616417,
      "a": false,
      "p": 0.0868000015616417
    }
  },
  "TIA": {
    "0": {
      "e": 0.35249999165534973,
      "a": false,
      "p": 0.35249999165534973
    },
    "1": {
      "e": 0.35249999165534973,
      "a": false,
      "p": 0.35249999165534973
    },
    "2": {
      "e": 0.35249999165534973,
      "a": false,
      "p": 0.35249999165534973
    }
  }
}