{
  "ALGO": {
    "0": {
      "e": 0.0868000015616417,
      "a": false,
      "p": 0.0868000015616417
    },
    "1": {
      "e": 0.0868000015616417,
      "a": false,
      "p": 0.0868000015616417
    },
    "2": {
      "e": 0.0853,
      "a": false,
      "p": 0.0853
    }
  },
  "TIA": {
    "0": {
      "e": 0.3595,
      "a": false,
      "p": 0.3595
    },
    "1": {
      "e": 0.3579,
      "a": false,
      "p": 0.3579
    }
  },
  "UNI": {
    "0": {
      "e": 2.859,
      "a": true,
      "p": 2.913
    }
  },
  "SUI": {
    "0": {
      "e": 0.677,
      "a": true,
      "p": 0.6934
    },
    "1": {
      "e": 0.6631,
      "a": true,
      "p": 0.6934
    }
  },
  "FIL": {
    "0": {
      "e": 0.736,
      "a": false,
      "p": 0.736
    },
    "1": {
      "e": 0.727,
      "a": false,
      "p": 0.727
    }
  },
  "AVAX": {
    "0": {
      "e": 6.15,
      "a": false,
      "p": 6.15
    }
  },
  "IMX": {
    "0": {
      "e": 0.125,
      "a": false,
      "p": 0.125
    },
    "1": {
      "e": 0.125,
      "a": false,
      "p": 0.125
    },
    "2": {
      "e": 0.124,
      "a": false,
      "p": 0.124
    }
  },
  "SEI": {
    "0": {
      "e": 0.05337,
      "a": false,
      "p": 0.05337
    }
  },
  "ADA": {
    "0": {
      "e": 0.1447,
      "a": false,
      "p": 0.1447
    }
  }
}