{
  "AVAX": {
    "0": {
      "e": 6.159999847412109,
      "a": false,
      "p": 6.159999847412109
    }
  },
  "ALGO": {
    "0": {
      "e": 0.0868000015616417,
      "a": false,
      "p": 0.0868000015616417
    },
    "1": {
      "e": 0.0868000015616417,
      "a": false,
      "p": 0.0868000015616417
    },
    "2": {
      "e": 0.0853,
      "a": false,
      "p": 0.0853
    }
  },
  "TIA": {
    "0": {
      "e": 0.3549,
      "a": false,
      "p": 0.3549
    },
    "1": {
      "e": 0.3549,
      "a": false,
      "p": 0.3549
    },
    "2": {
      "e": 0.35030001401901245,
      "a": true,
      "p": 0.3562
    }
  },
  "UNI": {
    "0": {
      "e": 2.859,
      "a": false,
      "p": 2.859
    }
  },
  "SUI": {
    "0": {
      "e": 0.6757,
      "a": true,
      "p": 0.6878
    }
  },
  "TRX": {
    "0": {
      "e": 0.3229,
      "a": false,
      "p": 0.3229
    }
  },
  "ETC": {
    "0": {
      "e": 6.92,
      "a": true,
      "p": 7.11
    }
  }
}