{
  "SUI": {
    "0": {
      "e": 0.7347,
      "a": true,
      "p": 0.7481
    },
    "1": {
      "e": 0.7216,
      "a": true,
      "p": 0.7481
    }
  },
  "TIA": {
    "0": {
      "e": 0.3845,
      "a": false,
      "p": 0.3845
    }
  },
  "ALGO": {
    "0": {
      "e": 0.0873,
      "a": true,
      "p": 0.0891
    }
  },
  "ARB": {
    "0": {
      "e": 0.0775,
      "a": true,
      "p": 0.0802
    }
  },
  "DOGE": {
    "0": {
      "e": 0.07547,
      "a": true,
      "p": 0.07695
    }
  }
}