{
  "IMX": {
    "0": {
      "e": 0.1355,
      "a": false,
      "p": 0.1355
    }
  },
  "HBAR": {
    "0": {
      "e": 0.06723,
      "a": true,
      "p": 0.06846
    }
  }
}