{
  "ALGO": {
    "0": {
      "e": 0.0868000015616417,
      "a": false,
      "p": 0.0868000015616417
    },
    "1": {
      "e": 0.0868000015616417,
      "a": false,
      "p": 0.0868000015616417
    },
    "2": {
      "e": 0.0853,
      "a": false,
      "p": 0.0853
    }
  },
  "FIL": {
    "0": {
      "e": 0.736,
      "a": false,
      "p": 0.736
    },
    "1": {
      "e": 0.727,
      "a": true,
      "p": 0.744
    }
  },
  "AVAX": {
    "0": {
      "e": 6.15,
      "a": true,
      "p": 6.31
    }
  },
  "IMX": {
    "0": {
      "e": 0.125,
      "a": true,
      "p": 0.1272
    },
    "1": {
      "e": 0.125,
      "a": true,
      "p": 0.1272
    },
    "2": {
      "e": 0.124,
      "a": true,
      "p": 0.1272
    }
  },
  "SEI": {
    "0": {
      "e": 0.05337,
      "a": true,
      "p": 0.05421
    }
  },
  "APT": {
    "0": {
      "e": 0.601,
      "a": false,
      "p": 0.601
    }
  }
}