{
  "UNI": {
    "0": {
      "e": 2.815,
      "a": false,
      "p": 2.815
    }
  },
  "TIA": {
    "0": {
      "e": 0.3697,
      "a": false,
      "p": 0.3697
    },
    "1": {
      "e": 0.3592,
      "a": true,
      "p": 0.3651
    }
  },
  "OP": {
    "0": {
      "e": 0.0964,
      "a": false,
      "p": 0.0964
    },
    "1": {
      "e": 0.0946,
      "a": false,
      "p": 0.0946
    }
  },
  "SEI": {
    "0": {
      "e": 0.04772,
      "a": false,
      "p": 0.04772
    }
  }
}