{
  "FIL": {
    "0": {
      "e": 0.771,
      "a": false,
      "p": 0.771
    }
  },
  "NEAR": {
    "0": {
      "e": 1.946,
      "a": false,
      "p": 1.946
    },
    "1": {
      "e": 1.92,
      "a": false,
      "p": 1.92
    }
  },
  "ETH": {
    "0": {
      "e": 1737.030029296875,
      "a": false,
      "p": 1737.030029296875
    }
  },
  "BCH": {
    "0": {
      "e": 235.2,
      "a": false,
      "p": 235.2
    }
  },
  "BTC": {
    "0": {
      "e": 61872.0,
      "a": false,
      "p": 61872.0
    }
  },
  "SEI": {
    "0": {
      "e": 0.04742,
      "a": false,
      "p": 0.04742
    }
  },
  "XRP": {
    "0": {
      "e": 1.0857,
      "a": false,
      "p": 1.0857
    }
  }
}