{
  "FIL": {
    "0": {
      "e": 0.736,
      "a": false,
      "p": 0.736
    },
    "1": {
      "e": 0.722,
      "a": false,
      "p": 0.722
    }
  },
  "SEI": {
    "0": {
      "e": 0.05331,
      "a": false,
      "p": 0.05331
    },
    "1": {
      "e": 0.05222,
      "a": true,
      "p": 0.05306
    }
  },
  "TIA": {
    "0": {
      "e": 0.3599,
      "a": false,
      "p": 0.3599
    }
  },
  "APT": {
    "0": {
      "e": 0.591,
      "a": false,
      "p": 0.591
    },
    "1": {
      "e": 0.591,
      "a": false,
      "p": 0.591
    }
  },
  "IMX": {
    "0": {
      "e": 0.1224,
      "a": true,
      "p": 0.125
    },
    "1": {
      "e": 0.1224,
      "a": true,
      "p": 0.125
    },
    "2": {
      "e": 0.1224,
      "a": true,
      "p": 0.125
    }
  },
  "LINK": {
    "0": {
      "e": 7.17,
      "a": false,
      "p": 7.17
    }
  },
  "ALGO": {
    "0": {
      "e": 0.0823,
      "a": false,
      "p": 0.0823
    },
    "1": {
      "e": 0.0823,
      "a": false,
      "p": 0.0823
    },
    "2": {
      "e": 0.0823,
      "a": false,
      "p": 0.0823
    }
  },
  "BTC": {
    "0": {
      "e": 59636.0,
      "a": false,
      "p": 59636.0
    }
  },
  "ETH": {
    "0": {
      "e": 1566.54,
      "a": false,
      "p": 1566.54
    }
  }
}