{
  "TIA": {
    "0": {
      "e": 0.3845,
      "a": false,
      "p": 0.3845
    }
  },
  "DOGE": {
    "0": {
      "e": 0.07547,
      "a": true,
      "p": 0.07704
    }
  }
}