{
  "ALARK.IS": {
    "entry_price": 102.6,
    "entry_ts": "2026-06-25T09:47:01.808218+03:00",
    "stop": 99.34076089896534
  }
}